<?xml version="1.0"?>
<object name="Galleryfolder"
   meta_type="Factory-based Type Information with dynamic views"
   i18n:domain="collective.ptg.galleryfolder" xmlns:i18n="http://xml.zope.org/namespaces/i18n">
  <property name="title" i18n:translate="">Galleryfolder</property>
  <property name="description"
    i18n:translate="">Gallery Content Type for Plone Truegallery</property>
  <property name="content_meta_type">Galleryfolder</property>
  <property name="content_icon">++resource++gallery_icon.gif</property>
  <property name="product">collective.ptg.galleryfolder</property>
  <property name="factory">addGalleryfolder</property>
  <property name="immediate_view">atct_edit</property>
  <property name="global_allow">True</property>
  <property name="filter_content_types">True</property>
  <property name="allowed_content_types">
    <element value="Image"/>
  </property>
  <property name="allow_discussion">False</property>
  <property name="default_view">galleryview</property>
  <property name="view_methods">
    <element value="galleryview" />
  </property>
  <alias from="(Default)" to="(dynamic view)" />
  <alias from="edit" to="atct_edit" />
  <alias from="sharing" to="@@sharing" />
  <alias from="view" to="(selected layout)" />
  <action title="View" action_id="view" category="object" condition_expr=""
    url_expr="string:${folder_url}/" visible="True">
    <permission value="View" />
  </action>
  <action title="Edit" action_id="edit" category="object" condition_expr=""
    url_expr="string:${object_url}/edit" visible="True">
    <permission value="Modify portal content" />
  </action>
  <action title="Download images" action_id="edit" category="object" condition_expr=""
    url_expr="string:${object_url}/gallery-export" visible="True">
    <permission value="View" />
  </action>
</object>
